Idx of Removed Row,Class,Base Accuracy,Accuracy,Change in Accuracy,Change in Accuracy(ABS)
0,van,0.78,0.78,0.0,0.0
1,van,0.78,0.78,0.0,0.0
2,saab,0.78,0.78,0.0,0.0
3,van,0.78,0.78,0.0,0.0
4,bus,0.78,0.78,0.0,0.0
5,bus,0.78,0.78,0.0,0.0
6,bus,0.78,0.78,0.0,0.0
7,van,0.78,0.78,0.0,0.0
8,van,0.78,0.78,0.0,0.0
9,saab,0.78,0.78,0.0,0.0
10,van,0.78,0.78,0.0,0.0
11,saab,0.78,0.78,0.0,0.0
12,bus,0.78,0.78,0.0,0.0
13,van,0.78,0.78,0.0,0.0
14,bus,0.78,0.78,0.0,0.0
15,opel,0.78,0.78,0.0,0.0
16,van,0.78,0.78,0.0,0.0
17,bus,0.78,0.78,0.0,0.0
18,saab,0.78,0.78,0.0,0.0
19,opel,0.78,0.79,0.010000000000000009,0.010000000000000009
20,bus,0.78,0.79,0.010000000000000009,0.010000000000000009
21,van,0.78,0.79,0.010000000000000009,0.010000000000000009
22,bus,0.78,0.79,0.010000000000000009,0.010000000000000009
23,bus,0.78,0.79,0.010000000000000009,0.010000000000000009
24,saab,0.78,0.79,0.010000000000000009,0.010000000000000009
25,van,0.78,0.78,0.0,0.0
26,saab,0.78,0.78,0.0,0.0
27,saab,0.78,0.78,0.0,0.0
28,bus,0.78,0.78,0.0,0.0
29,saab,0.78,0.79,0.010000000000000009,0.010000000000000009
30,van,0.78,0.78,0.0,0.0
31,saab,0.78,0.79,0.010000000000000009,0.010000000000000009
32,opel,0.78,0.79,0.010000000000000009,0.010000000000000009
33,opel,0.78,0.78,0.0,0.0
34,opel,0.78,0.78,0.0,0.0
35,van,0.78,0.78,0.0,0.0
36,bus,0.78,0.78,0.0,0.0
37,van,0.78,0.78,0.0,0.0
38,saab,0.78,0.79,0.010000000000000009,0.010000000000000009
39,bus,0.78,0.78,0.0,0.0
40,opel,0.78,0.78,0.0,0.0
41,van,0.78,0.78,0.0,0.0
42,van,0.78,0.78,0.0,0.0
43,saab,0.78,0.79,0.010000000000000009,0.010000000000000009
44,saab,0.78,0.78,0.0,0.0
45,van,0.78,0.78,0.0,0.0
46,van,0.78,0.78,0.0,0.0
47,bus,0.78,0.78,0.0,0.0
48,van,0.78,0.78,0.0,0.0
49,saab,0.78,0.78,0.0,0.0
50,saab,0.78,0.78,0.0,0.0
51,saab,0.78,0.78,0.0,0.0
52,opel,0.78,0.79,0.010000000000000009,0.010000000000000009
53,bus,0.78,0.78,0.0,0.0
54,bus,0.78,0.78,0.0,0.0
55,van,0.78,0.78,0.0,0.0
56,saab,0.78,0.79,0.010000000000000009,0.010000000000000009
57,van,0.78,0.79,0.010000000000000009,0.010000000000000009
58,opel,0.78,0.8,0.020000000000000018,0.020000000000000018
59,van,0.78,0.79,0.010000000000000009,0.010000000000000009
60,opel,0.78,0.79,0.010000000000000009,0.010000000000000009
61,opel,0.78,0.79,0.010000000000000009,0.010000000000000009
62,van,0.78,0.79,0.010000000000000009,0.010000000000000009
63,bus,0.78,0.79,0.010000000000000009,0.010000000000000009
64,bus,0.78,0.79,0.010000000000000009,0.010000000000000009
65,opel,0.78,0.78,0.0,0.0
66,bus,0.78,0.78,0.0,0.0
67,opel,0.78,0.78,0.0,0.0
68,van,0.78,0.78,0.0,0.0
69,bus,0.78,0.78,0.0,0.0
70,opel,0.78,0.79,0.010000000000000009,0.010000000000000009
71,opel,0.78,0.79,0.010000000000000009,0.010000000000000009
72,opel,0.78,0.78,0.0,0.0
73,opel,0.78,0.79,0.010000000000000009,0.010000000000000009
74,van,0.78,0.78,0.0,0.0
75,opel,0.78,0.78,0.0,0.0
76,saab,0.78,0.78,0.0,0.0
77,saab,0.78,0.79,0.010000000000000009,0.010000000000000009
78,bus,0.78,0.79,0.010000000000000009,0.010000000000000009
79,bus,0.78,0.79,0.010000000000000009,0.010000000000000009
80,bus,0.78,0.79,0.010000000000000009,0.010000000000000009
81,bus,0.78,0.79,0.010000000000000009,0.010000000000000009
82,van,0.78,0.79,0.010000000000000009,0.010000000000000009
83,opel,0.78,0.8,0.020000000000000018,0.020000000000000018
84,bus,0.78,0.79,0.010000000000000009,0.010000000000000009
85,bus,0.78,0.79,0.010000000000000009,0.010000000000000009
86,van,0.78,0.79,0.010000000000000009,0.010000000000000009
87,van,0.78,0.79,0.010000000000000009,0.010000000000000009
88,bus,0.78,0.79,0.010000000000000009,0.010000000000000009
89,opel,0.78,0.79,0.010000000000000009,0.010000000000000009
90,saab,0.78,0.79,0.010000000000000009,0.010000000000000009
91,opel,0.78,0.79,0.010000000000000009,0.010000000000000009
92,saab,0.78,0.79,0.010000000000000009,0.010000000000000009
93,van,0.78,0.79,0.010000000000000009,0.010000000000000009
94,bus,0.78,0.79,0.010000000000000009,0.010000000000000009
95,opel,0.78,0.79,0.010000000000000009,0.010000000000000009
96,saab,0.78,0.79,0.010000000000000009,0.010000000000000009
97,bus,0.78,0.79,0.010000000000000009,0.010000000000000009
98,opel,0.78,0.78,0.0,0.0
99,bus,0.78,0.79,0.010000000000000009,0.010000000000000009
100,bus,0.78,0.79,0.010000000000000009,0.010000000000000009
101,van,0.78,0.78,0.0,0.0
102,van,0.78,0.78,0.0,0.0
103,van,0.78,0.78,0.0,0.0
104,bus,0.78,0.78,0.0,0.0
105,saab,0.78,0.78,0.0,0.0
106,opel,0.78,0.77,-0.010000000000000009,0.010000000000000009
107,opel,0.78,0.77,-0.010000000000000009,0.010000000000000009
108,bus,0.78,0.77,-0.010000000000000009,0.010000000000000009
109,bus,0.78,0.77,-0.010000000000000009,0.010000000000000009
110,van,0.78,0.77,-0.010000000000000009,0.010000000000000009
111,van,0.78,0.77,-0.010000000000000009,0.010000000000000009
112,opel,0.78,0.77,-0.010000000000000009,0.010000000000000009
113,opel,0.78,0.77,-0.010000000000000009,0.010000000000000009
114,van,0.78,0.77,-0.010000000000000009,0.010000000000000009
115,van,0.78,0.77,-0.010000000000000009,0.010000000000000009
116,opel,0.78,0.78,0.0,0.0
117,saab,0.78,0.77,-0.010000000000000009,0.010000000000000009
118,bus,0.78,0.77,-0.010000000000000009,0.010000000000000009
119,bus,0.78,0.77,-0.010000000000000009,0.010000000000000009
120,saab,0.78,0.77,-0.010000000000000009,0.010000000000000009
121,van,0.78,0.77,-0.010000000000000009,0.010000000000000009
122,van,0.78,0.77,-0.010000000000000009,0.010000000000000009
123,saab,0.78,0.78,0.0,0.0
124,van,0.78,0.77,-0.010000000000000009,0.010000000000000009
125,van,0.78,0.77,-0.010000000000000009,0.010000000000000009
126,bus,0.78,0.77,-0.010000000000000009,0.010000000000000009
127,bus,0.78,0.77,-0.010000000000000009,0.010000000000000009
128,van,0.78,0.77,-0.010000000000000009,0.010000000000000009
129,bus,0.78,0.77,-0.010000000000000009,0.010000000000000009
130,saab,0.78,0.77,-0.010000000000000009,0.010000000000000009
131,saab,0.78,0.77,-0.010000000000000009,0.010000000000000009
132,saab,0.78,0.77,-0.010000000000000009,0.010000000000000009
133,van,0.78,0.77,-0.010000000000000009,0.010000000000000009
134,opel,0.78,0.77,-0.010000000000000009,0.010000000000000009
135,van,0.78,0.77,-0.010000000000000009,0.010000000000000009
136,van,0.78,0.77,-0.010000000000000009,0.010000000000000009
137,van,0.78,0.77,-0.010000000000000009,0.010000000000000009
138,saab,0.78,0.77,-0.010000000000000009,0.010000000000000009
139,van,0.78,0.77,-0.010000000000000009,0.010000000000000009
140,saab,0.78,0.77,-0.010000000000000009,0.010000000000000009
141,bus,0.78,0.77,-0.010000000000000009,0.010000000000000009
142,opel,0.78,0.77,-0.010000000000000009,0.010000000000000009
143,bus,0.78,0.77,-0.010000000000000009,0.010000000000000009
144,opel,0.78,0.77,-0.010000000000000009,0.010000000000000009
145,opel,0.78,0.77,-0.010000000000000009,0.010000000000000009
146,van,0.78,0.77,-0.010000000000000009,0.010000000000000009
147,bus,0.78,0.77,-0.010000000000000009,0.010000000000000009
148,saab,0.78,0.77,-0.010000000000000009,0.010000000000000009
149,van,0.78,0.76,-0.020000000000000018,0.020000000000000018
150,saab,0.78,0.76,-0.020000000000000018,0.020000000000000018
151,bus,0.78,0.76,-0.020000000000000018,0.020000000000000018
152,opel,0.78,0.77,-0.010000000000000009,0.010000000000000009
153,saab,0.78,0.76,-0.020000000000000018,0.020000000000000018
154,van,0.78,0.76,-0.020000000000000018,0.020000000000000018
155,bus,0.78,0.76,-0.020000000000000018,0.020000000000000018
156,opel,0.78,0.76,-0.020000000000000018,0.020000000000000018
157,van,0.78,0.76,-0.020000000000000018,0.020000000000000018
158,saab,0.78,0.77,-0.010000000000000009,0.010000000000000009
159,opel,0.78,0.76,-0.020000000000000018,0.020000000000000018
160,opel,0.78,0.77,-0.010000000000000009,0.010000000000000009
161,opel,0.78,0.76,-0.020000000000000018,0.020000000000000018
162,saab,0.78,0.76,-0.020000000000000018,0.020000000000000018
163,saab,0.78,0.77,-0.010000000000000009,0.010000000000000009
164,opel,0.78,0.76,-0.020000000000000018,0.020000000000000018
165,opel,0.78,0.76,-0.020000000000000018,0.020000000000000018
166,saab,0.78,0.76,-0.020000000000000018,0.020000000000000018
167,saab,0.78,0.76,-0.020000000000000018,0.020000000000000018
168,bus,0.78,0.76,-0.020000000000000018,0.020000000000000018
169,van,0.78,0.76,-0.020000000000000018,0.020000000000000018
170,opel,0.78,0.77,-0.010000000000000009,0.010000000000000009
171,bus,0.78,0.76,-0.020000000000000018,0.020000000000000018
172,van,0.78,0.76,-0.020000000000000018,0.020000000000000018
173,bus,0.78,0.76,-0.020000000000000018,0.020000000000000018
174,van,0.78,0.76,-0.020000000000000018,0.020000000000000018
175,bus,0.78,0.76,-0.020000000000000018,0.020000000000000018
176,opel,0.78,0.76,-0.020000000000000018,0.020000000000000018
177,bus,0.78,0.77,-0.010000000000000009,0.010000000000000009
178,bus,0.78,0.76,-0.020000000000000018,0.020000000000000018
179,van,0.78,0.76,-0.020000000000000018,0.020000000000000018
180,saab,0.78,0.76,-0.020000000000000018,0.020000000000000018
181,opel,0.78,0.76,-0.020000000000000018,0.020000000000000018
182,bus,0.78,0.76,-0.020000000000000018,0.020000000000000018
183,saab,0.78,0.78,0.0,0.0
184,saab,0.78,0.76,-0.020000000000000018,0.020000000000000018
185,bus,0.78,0.76,-0.020000000000000018,0.020000000000000018
186,bus,0.78,0.76,-0.020000000000000018,0.020000000000000018
187,opel,0.78,0.76,-0.020000000000000018,0.020000000000000018
188,opel,0.78,0.76,-0.020000000000000018,0.020000000000000018
189,opel,0.78,0.76,-0.020000000000000018,0.020000000000000018
190,opel,0.78,0.76,-0.020000000000000018,0.020000000000000018
191,van,0.78,0.76,-0.020000000000000018,0.020000000000000018
192,saab,0.78,0.76,-0.020000000000000018,0.020000000000000018
193,bus,0.78,0.76,-0.020000000000000018,0.020000000000000018
194,saab,0.78,0.76,-0.020000000000000018,0.020000000000000018
195,bus,0.78,0.76,-0.020000000000000018,0.020000000000000018
196,saab,0.78,0.76,-0.020000000000000018,0.020000000000000018
197,bus,0.78,0.76,-0.020000000000000018,0.020000000000000018
198,bus,0.78,0.76,-0.020000000000000018,0.020000000000000018
199,bus,0.78,0.76,-0.020000000000000018,0.020000000000000018
200,van,0.78,0.76,-0.020000000000000018,0.020000000000000018
201,saab,0.78,0.76,-0.020000000000000018,0.020000000000000018
202,opel,0.78,0.75,-0.030000000000000027,0.030000000000000027
203,opel,0.78,0.75,-0.030000000000000027,0.030000000000000027
204,van,0.78,0.76,-0.020000000000000018,0.020000000000000018
205,van,0.78,0.76,-0.020000000000000018,0.020000000000000018
206,opel,0.78,0.76,-0.020000000000000018,0.020000000000000018
207,bus,0.78,0.77,-0.010000000000000009,0.010000000000000009
208,bus,0.78,0.77,-0.010000000000000009,0.010000000000000009
209,opel,0.78,0.77,-0.010000000000000009,0.010000000000000009
210,opel,0.78,0.77,-0.010000000000000009,0.010000000000000009
211,van,0.78,0.77,-0.010000000000000009,0.010000000000000009
212,bus,0.78,0.77,-0.010000000000000009,0.010000000000000009
213,bus,0.78,0.77,-0.010000000000000009,0.010000000000000009
214,opel,0.78,0.77,-0.010000000000000009,0.010000000000000009
215,opel,0.78,0.77,-0.010000000000000009,0.010000000000000009
216,saab,0.78,0.77,-0.010000000000000009,0.010000000000000009
217,opel,0.78,0.77,-0.010000000000000009,0.010000000000000009
218,bus,0.78,0.76,-0.020000000000000018,0.020000000000000018
219,van,0.78,0.76,-0.020000000000000018,0.020000000000000018
220,opel,0.78,0.76,-0.020000000000000018,0.020000000000000018
221,van,0.78,0.76,-0.020000000000000018,0.020000000000000018
222,bus,0.78,0.76,-0.020000000000000018,0.020000000000000018
223,bus,0.78,0.76,-0.020000000000000018,0.020000000000000018
224,saab,0.78,0.76,-0.020000000000000018,0.020000000000000018
225,van,0.78,0.76,-0.020000000000000018,0.020000000000000018
226,saab,0.78,0.76,-0.020000000000000018,0.020000000000000018
227,van,0.78,0.76,-0.020000000000000018,0.020000000000000018
228,saab,0.78,0.75,-0.030000000000000027,0.030000000000000027
229,saab,0.78,0.76,-0.020000000000000018,0.020000000000000018
230,van,0.78,0.77,-0.010000000000000009,0.010000000000000009
231,saab,0.78,0.77,-0.010000000000000009,0.010000000000000009
232,bus,0.78,0.76,-0.020000000000000018,0.020000000000000018
233,saab,0.78,0.74,-0.040000000000000036,0.040000000000000036
234,van,0.78,0.74,-0.040000000000000036,0.040000000000000036
235,van,0.78,0.74,-0.040000000000000036,0.040000000000000036
236,bus,0.78,0.74,-0.040000000000000036,0.040000000000000036
237,bus,0.78,0.74,-0.040000000000000036,0.040000000000000036
238,opel,0.78,0.74,-0.040000000000000036,0.040000000000000036
239,bus,0.78,0.74,-0.040000000000000036,0.040000000000000036
240,opel,0.78,0.74,-0.040000000000000036,0.040000000000000036
241,opel,0.78,0.76,-0.020000000000000018,0.020000000000000018
242,bus,0.78,0.76,-0.020000000000000018,0.020000000000000018
243,saab,0.78,0.76,-0.020000000000000018,0.020000000000000018
244,van,0.78,0.76,-0.020000000000000018,0.020000000000000018
245,van,0.78,0.76,-0.020000000000000018,0.020000000000000018
246,bus,0.78,0.76,-0.020000000000000018,0.020000000000000018
247,saab,0.78,0.76,-0.020000000000000018,0.020000000000000018
248,opel,0.78,0.76,-0.020000000000000018,0.020000000000000018
249,saab,0.78,0.76,-0.020000000000000018,0.020000000000000018
250,van,0.78,0.76,-0.020000000000000018,0.020000000000000018
251,opel,0.78,0.75,-0.030000000000000027,0.030000000000000027
252,van,0.78,0.76,-0.020000000000000018,0.020000000000000018
253,bus,0.78,0.76,-0.020000000000000018,0.020000000000000018
254,van,0.78,0.76,-0.020000000000000018,0.020000000000000018
255,saab,0.78,0.76,-0.020000000000000018,0.020000000000000018
256,saab,0.78,0.76,-0.020000000000000018,0.020000000000000018
257,opel,0.78,0.77,-0.010000000000000009,0.010000000000000009
258,saab,0.78,0.77,-0.010000000000000009,0.010000000000000009
259,opel,0.78,0.77,-0.010000000000000009,0.010000000000000009
260,saab,0.78,0.76,-0.020000000000000018,0.020000000000000018
261,saab,0.78,0.77,-0.010000000000000009,0.010000000000000009
262,van,0.78,0.77,-0.010000000000000009,0.010000000000000009
263,van,0.78,0.77,-0.010000000000000009,0.010000000000000009
264,saab,0.78,0.78,0.0,0.0
265,bus,0.78,0.77,-0.010000000000000009,0.010000000000000009
266,bus,0.78,0.77,-0.010000000000000009,0.010000000000000009
267,saab,0.78,0.77,-0.010000000000000009,0.010000000000000009
268,van,0.78,0.77,-0.010000000000000009,0.010000000000000009
269,van,0.78,0.77,-0.010000000000000009,0.010000000000000009
270,bus,0.78,0.77,-0.010000000000000009,0.010000000000000009
271,saab,0.78,0.77,-0.010000000000000009,0.010000000000000009
272,van,0.78,0.77,-0.010000000000000009,0.010000000000000009
273,van,0.78,0.77,-0.010000000000000009,0.010000000000000009
274,bus,0.78,0.77,-0.010000000000000009,0.010000000000000009
275,bus,0.78,0.77,-0.010000000000000009,0.010000000000000009
276,bus,0.78,0.77,-0.010000000000000009,0.010000000000000009
277,opel,0.78,0.77,-0.010000000000000009,0.010000000000000009
278,saab,0.78,0.76,-0.020000000000000018,0.020000000000000018
279,bus,0.78,0.76,-0.020000000000000018,0.020000000000000018
280,opel,0.78,0.77,-0.010000000000000009,0.010000000000000009
281,bus,0.78,0.76,-0.020000000000000018,0.020000000000000018
282,bus,0.78,0.76,-0.020000000000000018,0.020000000000000018
283,saab,0.78,0.76,-0.020000000000000018,0.020000000000000018
284,van,0.78,0.76,-0.020000000000000018,0.020000000000000018
285,saab,0.78,0.76,-0.020000000000000018,0.020000000000000018
286,bus,0.78,0.76,-0.020000000000000018,0.020000000000000018
287,van,0.78,0.76,-0.020000000000000018,0.020000000000000018
288,opel,0.78,0.77,-0.010000000000000009,0.010000000000000009
289,saab,0.78,0.75,-0.030000000000000027,0.030000000000000027
290,van,0.78,0.75,-0.030000000000000027,0.030000000000000027
291,van,0.78,0.75,-0.030000000000000027,0.030000000000000027
292,bus,0.78,0.75,-0.030000000000000027,0.030000000000000027
293,van,0.78,0.75,-0.030000000000000027,0.030000000000000027
294,bus,0.78,0.75,-0.030000000000000027,0.030000000000000027
295,bus,0.78,0.75,-0.030000000000000027,0.030000000000000027
296,bus,0.78,0.75,-0.030000000000000027,0.030000000000000027
297,saab,0.78,0.78,0.0,0.0
298,saab,0.78,0.76,-0.020000000000000018,0.020000000000000018
299,bus,0.78,0.76,-0.020000000000000018,0.020000000000000018
300,saab,0.78,0.76,-0.020000000000000018,0.020000000000000018
301,opel,0.78,0.76,-0.020000000000000018,0.020000000000000018
302,bus,0.78,0.76,-0.020000000000000018,0.020000000000000018
303,van,0.78,0.76,-0.020000000000000018,0.020000000000000018
304,bus,0.78,0.76,-0.020000000000000018,0.020000000000000018
305,bus,0.78,0.76,-0.020000000000000018,0.020000000000000018
306,saab,0.78,0.76,-0.020000000000000018,0.020000000000000018
307,opel,0.78,0.76,-0.020000000000000018,0.020000000000000018
308,opel,0.78,0.76,-0.020000000000000018,0.020000000000000018
309,opel,0.78,0.74,-0.040000000000000036,0.040000000000000036
310,saab,0.78,0.77,-0.010000000000000009,0.010000000000000009
311,van,0.78,0.76,-0.020000000000000018,0.020000000000000018
312,bus,0.78,0.76,-0.020000000000000018,0.020000000000000018
313,opel,0.78,0.76,-0.020000000000000018,0.020000000000000018
314,bus,0.78,0.76,-0.020000000000000018,0.020000000000000018
315,van,0.78,0.76,-0.020000000000000018,0.020000000000000018
316,van,0.78,0.76,-0.020000000000000018,0.020000000000000018
317,saab,0.78,0.76,-0.020000000000000018,0.020000000000000018
318,van,0.78,0.76,-0.020000000000000018,0.020000000000000018
319,bus,0.78,0.76,-0.020000000000000018,0.020000000000000018
320,saab,0.78,0.76,-0.020000000000000018,0.020000000000000018
321,bus,0.78,0.75,-0.030000000000000027,0.030000000000000027
322,bus,0.78,0.75,-0.030000000000000027,0.030000000000000027
323,saab,0.78,0.75,-0.030000000000000027,0.030000000000000027
324,saab,0.78,0.75,-0.030000000000000027,0.030000000000000027
325,bus,0.78,0.75,-0.030000000000000027,0.030000000000000027
326,opel,0.78,0.74,-0.040000000000000036,0.040000000000000036
327,opel,0.78,0.75,-0.030000000000000027,0.030000000000000027
328,van,0.78,0.75,-0.030000000000000027,0.030000000000000027
329,saab,0.78,0.75,-0.030000000000000027,0.030000000000000027
330,van,0.78,0.74,-0.040000000000000036,0.040000000000000036
331,opel,0.78,0.74,-0.040000000000000036,0.040000000000000036
332,opel,0.78,0.74,-0.040000000000000036,0.040000000000000036
333,bus,0.78,0.74,-0.040000000000000036,0.040000000000000036
334,bus,0.78,0.74,-0.040000000000000036,0.040000000000000036
335,saab,0.78,0.74,-0.040000000000000036,0.040000000000000036
336,van,0.78,0.74,-0.040000000000000036,0.040000000000000036
337,bus,0.78,0.74,-0.040000000000000036,0.040000000000000036
338,van,0.78,0.74,-0.040000000000000036,0.040000000000000036
339,bus,0.78,0.74,-0.040000000000000036,0.040000000000000036
340,bus,0.78,0.74,-0.040000000000000036,0.040000000000000036
341,opel,0.78,0.74,-0.040000000000000036,0.040000000000000036
342,saab,0.78,0.74,-0.040000000000000036,0.040000000000000036
343,opel,0.78,0.74,-0.040000000000000036,0.040000000000000036
344,opel,0.78,0.74,-0.040000000000000036,0.040000000000000036
345,bus,0.78,0.74,-0.040000000000000036,0.040000000000000036
346,saab,0.78,0.74,-0.040000000000000036,0.040000000000000036
347,opel,0.78,0.74,-0.040000000000000036,0.040000000000000036
348,van,0.78,0.74,-0.040000000000000036,0.040000000000000036
349,opel,0.78,0.75,-0.030000000000000027,0.030000000000000027
350,opel,0.78,0.75,-0.030000000000000027,0.030000000000000027
351,saab,0.78,0.75,-0.030000000000000027,0.030000000000000027
352,van,0.78,0.75,-0.030000000000000027,0.030000000000000027
353,bus,0.78,0.75,-0.030000000000000027,0.030000000000000027
354,saab,0.78,0.75,-0.030000000000000027,0.030000000000000027
355,opel,0.78,0.76,-0.020000000000000018,0.020000000000000018
356,bus,0.78,0.76,-0.020000000000000018,0.020000000000000018
357,saab,0.78,0.76,-0.020000000000000018,0.020000000000000018
358,opel,0.78,0.76,-0.020000000000000018,0.020000000000000018
359,opel,0.78,0.76,-0.020000000000000018,0.020000000000000018
360,saab,0.78,0.76,-0.020000000000000018,0.020000000000000018
361,saab,0.78,0.76,-0.020000000000000018,0.020000000000000018
362,saab,0.78,0.76,-0.020000000000000018,0.020000000000000018
363,van,0.78,0.77,-0.010000000000000009,0.010000000000000009
364,opel,0.78,0.77,-0.010000000000000009,0.010000000000000009
365,saab,0.78,0.77,-0.010000000000000009,0.010000000000000009
366,van,0.78,0.77,-0.010000000000000009,0.010000000000000009
367,saab,0.78,0.77,-0.010000000000000009,0.010000000000000009
368,bus,0.78,0.76,-0.020000000000000018,0.020000000000000018
369,opel,0.78,0.76,-0.020000000000000018,0.020000000000000018
370,bus,0.78,0.76,-0.020000000000000018,0.020000000000000018
371,bus,0.78,0.76,-0.020000000000000018,0.020000000000000018
372,van,0.78,0.76,-0.020000000000000018,0.020000000000000018
373,bus,0.78,0.76,-0.020000000000000018,0.020000000000000018
374,van,0.78,0.76,-0.020000000000000018,0.020000000000000018
375,bus,0.78,0.76,-0.020000000000000018,0.020000000000000018
376,saab,0.78,0.77,-0.010000000000000009,0.010000000000000009
377,saab,0.78,0.76,-0.020000000000000018,0.020000000000000018
378,saab,0.78,0.77,-0.010000000000000009,0.010000000000000009
379,opel,0.78,0.76,-0.020000000000000018,0.020000000000000018
380,opel,0.78,0.77,-0.010000000000000009,0.010000000000000009
381,bus,0.78,0.77,-0.010000000000000009,0.010000000000000009
382,bus,0.78,0.77,-0.010000000000000009,0.010000000000000009
383,opel,0.78,0.77,-0.010000000000000009,0.010000000000000009
384,opel,0.78,0.76,-0.020000000000000018,0.020000000000000018
385,van,0.78,0.77,-0.010000000000000009,0.010000000000000009
386,saab,0.78,0.77,-0.010000000000000009,0.010000000000000009
387,van,0.78,0.77,-0.010000000000000009,0.010000000000000009
388,van,0.78,0.77,-0.010000000000000009,0.010000000000000009
389,opel,0.78,0.77,-0.010000000000000009,0.010000000000000009
390,bus,0.78,0.77,-0.010000000000000009,0.010000000000000009
391,van,0.78,0.77,-0.010000000000000009,0.010000000000000009
392,van,0.78,0.77,-0.010000000000000009,0.010000000000000009
393,bus,0.78,0.77,-0.010000000000000009,0.010000000000000009
394,saab,0.78,0.77,-0.010000000000000009,0.010000000000000009
395,opel,0.78,0.78,0.0,0.0
396,bus,0.78,0.77,-0.010000000000000009,0.010000000000000009
397,bus,0.78,0.77,-0.010000000000000009,0.010000000000000009
398,bus,0.78,0.77,-0.010000000000000009,0.010000000000000009
399,van,0.78,0.77,-0.010000000000000009,0.010000000000000009
400,saab,0.78,0.77,-0.010000000000000009,0.010000000000000009
401,opel,0.78,0.77,-0.010000000000000009,0.010000000000000009
402,opel,0.78,0.77,-0.010000000000000009,0.010000000000000009
403,van,0.78,0.77,-0.010000000000000009,0.010000000000000009
404,opel,0.78,0.77,-0.010000000000000009,0.010000000000000009
405,bus,0.78,0.78,0.0,0.0
406,opel,0.78,0.78,0.0,0.0
407,saab,0.78,0.78,0.0,0.0
408,bus,0.78,0.78,0.0,0.0
409,saab,0.78,0.79,0.010000000000000009,0.010000000000000009
410,saab,0.78,0.79,0.010000000000000009,0.010000000000000009
411,opel,0.78,0.78,0.0,0.0
412,bus,0.78,0.78,0.0,0.0
413,opel,0.78,0.78,0.0,0.0
414,van,0.78,0.78,0.0,0.0
415,opel,0.78,0.78,0.0,0.0
416,bus,0.78,0.78,0.0,0.0
417,bus,0.78,0.78,0.0,0.0
418,bus,0.78,0.78,0.0,0.0
419,saab,0.78,0.78,0.0,0.0
420,van,0.78,0.78,0.0,0.0
421,opel,0.78,0.78,0.0,0.0
422,saab,0.78,0.78,0.0,0.0
423,bus,0.78,0.78,0.0,0.0
424,opel,0.78,0.78,0.0,0.0
425,opel,0.78,0.78,0.0,0.0
426,opel,0.78,0.79,0.010000000000000009,0.010000000000000009
427,opel,0.78,0.78,0.0,0.0
428,saab,0.78,0.78,0.0,0.0
429,van,0.78,0.78,0.0,0.0
430,saab,0.78,0.78,0.0,0.0
431,bus,0.78,0.78,0.0,0.0
432,saab,0.78,0.78,0.0,0.0
433,bus,0.78,0.78,0.0,0.0
434,saab,0.78,0.78,0.0,0.0
435,van,0.78,0.78,0.0,0.0
436,van,0.78,0.78,0.0,0.0
437,opel,0.78,0.77,-0.010000000000000009,0.010000000000000009
438,opel,0.78,0.76,-0.020000000000000018,0.020000000000000018
439,saab,0.78,0.78,0.0,0.0
440,saab,0.78,0.78,0.0,0.0
441,van,0.78,0.78,0.0,0.0
442,van,0.78,0.78,0.0,0.0
443,opel,0.78,0.77,-0.010000000000000009,0.010000000000000009
444,bus,0.78,0.77,-0.010000000000000009,0.010000000000000009
445,van,0.78,0.77,-0.010000000000000009,0.010000000000000009
446,saab,0.78,0.77,-0.010000000000000009,0.010000000000000009
447,opel,0.78,0.77,-0.010000000000000009,0.010000000000000009
448,bus,0.78,0.77,-0.010000000000000009,0.010000000000000009
449,van,0.78,0.77,-0.010000000000000009,0.010000000000000009
450,bus,0.78,0.77,-0.010000000000000009,0.010000000000000009
451,opel,0.78,0.78,0.0,0.0
452,opel,0.78,0.78,0.0,0.0
453,bus,0.78,0.78,0.0,0.0
454,saab,0.78,0.78,0.0,0.0
455,bus,0.78,0.79,0.010000000000000009,0.010000000000000009
456,van,0.78,0.79,0.010000000000000009,0.010000000000000009
457,van,0.78,0.79,0.010000000000000009,0.010000000000000009
458,opel,0.78,0.79,0.010000000000000009,0.010000000000000009
459,saab,0.78,0.78,0.0,0.0
460,van,0.78,0.78,0.0,0.0
461,opel,0.78,0.78,0.0,0.0
462,opel,0.78,0.79,0.010000000000000009,0.010000000000000009
463,opel,0.78,0.77,-0.010000000000000009,0.010000000000000009
464,bus,0.78,0.77,-0.010000000000000009,0.010000000000000009
465,bus,0.78,0.77,-0.010000000000000009,0.010000000000000009
466,bus,0.78,0.77,-0.010000000000000009,0.010000000000000009
467,opel,0.78,0.77,-0.010000000000000009,0.010000000000000009
468,saab,0.78,0.77,-0.010000000000000009,0.010000000000000009
469,van,0.78,0.78,0.0,0.0
470,van,0.78,0.78,0.0,0.0
471,opel,0.78,0.79,0.010000000000000009,0.010000000000000009
472,bus,0.78,0.78,0.0,0.0
473,opel,0.78,0.78,0.0,0.0
474,opel,0.78,0.78,0.0,0.0
475,saab,0.78,0.78,0.0,0.0
476,opel,0.78,0.77,-0.010000000000000009,0.010000000000000009
477,van,0.78,0.77,-0.010000000000000009,0.010000000000000009
478,bus,0.78,0.77,-0.010000000000000009,0.010000000000000009
479,bus,0.78,0.77,-0.010000000000000009,0.010000000000000009
480,saab,0.78,0.77,-0.010000000000000009,0.010000000000000009
481,opel,0.78,0.77,-0.010000000000000009,0.010000000000000009
482,opel,0.78,0.78,0.0,0.0
483,van,0.78,0.78,0.0,0.0
484,van,0.78,0.78,0.0,0.0
485,bus,0.78,0.78,0.0,0.0
486,opel,0.78,0.78,0.0,0.0
487,saab,0.78,0.78,0.0,0.0
488,opel,0.78,0.78,0.0,0.0
489,opel,0.78,0.78,0.0,0.0
490,saab,0.78,0.78,0.0,0.0
491,saab,0.78,0.78,0.0,0.0
492,bus,0.78,0.78,0.0,0.0
493,opel,0.78,0.79,0.010000000000000009,0.010000000000000009
494,bus,0.78,0.78,0.0,0.0
495,bus,0.78,0.78,0.0,0.0
496,opel,0.78,0.78,0.0,0.0
497,van,0.78,0.78,0.0,0.0
498,van,0.78,0.78,0.0,0.0
499,opel,0.78,0.78,0.0,0.0
500,opel,0.78,0.78,0.0,0.0
501,opel,0.78,0.79,0.010000000000000009,0.010000000000000009
502,opel,0.78,0.77,-0.010000000000000009,0.010000000000000009
503,saab,0.78,0.77,-0.010000000000000009,0.010000000000000009
504,opel,0.78,0.79,0.010000000000000009,0.010000000000000009
505,saab,0.78,0.78,0.0,0.0
506,saab,0.78,0.78,0.0,0.0
507,opel,0.78,0.77,-0.010000000000000009,0.010000000000000009
508,van,0.78,0.78,0.0,0.0
509,opel,0.78,0.78,0.0,0.0
510,bus,0.78,0.78,0.0,0.0
511,opel,0.78,0.78,0.0,0.0
512,opel,0.78,0.78,0.0,0.0
513,saab,0.78,0.78,0.0,0.0
514,van,0.78,0.78,0.0,0.0
515,opel,0.78,0.78,0.0,0.0
516,opel,0.78,0.78,0.0,0.0
517,saab,0.78,0.78,0.0,0.0
518,saab,0.78,0.78,0.0,0.0
519,van,0.78,0.78,0.0,0.0
520,saab,0.78,0.78,0.0,0.0
521,van,0.78,0.78,0.0,0.0
522,saab,0.78,0.78,0.0,0.0
523,van,0.78,0.78,0.0,0.0
524,opel,0.78,0.78,0.0,0.0
525,saab,0.78,0.78,0.0,0.0
526,saab,0.78,0.78,0.0,0.0
527,opel,0.78,0.77,-0.010000000000000009,0.010000000000000009
528,bus,0.78,0.77,-0.010000000000000009,0.010000000000000009
529,bus,0.78,0.77,-0.010000000000000009,0.010000000000000009
530,saab,0.78,0.78,0.0,0.0
531,bus,0.78,0.78,0.0,0.0
532,saab,0.78,0.78,0.0,0.0
533,van,0.78,0.78,0.0,0.0
534,van,0.78,0.79,0.010000000000000009,0.010000000000000009
535,van,0.78,0.78,0.0,0.0
536,saab,0.78,0.79,0.010000000000000009,0.010000000000000009
537,van,0.78,0.79,0.010000000000000009,0.010000000000000009
538,opel,0.78,0.78,0.0,0.0
539,bus,0.78,0.78,0.0,0.0
540,bus,0.78,0.78,0.0,0.0
541,van,0.78,0.78,0.0,0.0
542,saab,0.78,0.79,0.010000000000000009,0.010000000000000009
543,saab,0.78,0.79,0.010000000000000009,0.010000000000000009
544,bus,0.78,0.79,0.010000000000000009,0.010000000000000009
545,van,0.78,0.79,0.010000000000000009,0.010000000000000009
546,van,0.78,0.79,0.010000000000000009,0.010000000000000009
547,bus,0.78,0.8,0.020000000000000018,0.020000000000000018
548,bus,0.78,0.79,0.010000000000000009,0.010000000000000009
549,saab,0.78,0.79,0.010000000000000009,0.010000000000000009
550,van,0.78,0.79,0.010000000000000009,0.010000000000000009
551,opel,0.78,0.78,0.0,0.0
552,saab,0.78,0.78,0.0,0.0
553,bus,0.78,0.78,0.0,0.0
554,saab,0.78,0.78,0.0,0.0
555,opel,0.78,0.78,0.0,0.0
556,bus,0.78,0.78,0.0,0.0
557,saab,0.78,0.78,0.0,0.0
558,bus,0.78,0.78,0.0,0.0
559,saab,0.78,0.78,0.0,0.0
560,opel,0.78,0.78,0.0,0.0
561,opel,0.78,0.78,0.0,0.0
562,saab,0.78,0.79,0.010000000000000009,0.010000000000000009
563,opel,0.78,0.79,0.010000000000000009,0.010000000000000009
564,bus,0.78,0.78,0.0,0.0
565,saab,0.78,0.78,0.0,0.0
566,saab,0.78,0.78,0.0,0.0
567,saab,0.78,0.78,0.0,0.0
568,bus,0.78,0.78,0.0,0.0
569,van,0.78,0.78,0.0,0.0
570,saab,0.78,0.8,0.020000000000000018,0.020000000000000018
571,saab,0.78,0.8,0.020000000000000018,0.020000000000000018
572,van,0.78,0.79,0.010000000000000009,0.010000000000000009
573,van,0.78,0.79,0.010000000000000009,0.010000000000000009
574,opel,0.78,0.79,0.010000000000000009,0.010000000000000009
575,saab,0.78,0.79,0.010000000000000009,0.010000000000000009
576,saab,0.78,0.79,0.010000000000000009,0.010000000000000009
577,opel,0.78,0.79,0.010000000000000009,0.010000000000000009
578,opel,0.78,0.79,0.010000000000000009,0.010000000000000009
579,opel,0.78,0.79,0.010000000000000009,0.010000000000000009
580,bus,0.78,0.79,0.010000000000000009,0.010000000000000009
581,van,0.78,0.79,0.010000000000000009,0.010000000000000009
582,saab,0.78,0.79,0.010000000000000009,0.010000000000000009
583,saab,0.78,0.8,0.020000000000000018,0.020000000000000018
584,bus,0.78,0.79,0.010000000000000009,0.010000000000000009
585,van,0.78,0.79,0.010000000000000009,0.010000000000000009
586,opel,0.78,0.79,0.010000000000000009,0.010000000000000009
587,opel,0.78,0.8,0.020000000000000018,0.020000000000000018
588,opel,0.78,0.79,0.010000000000000009,0.010000000000000009
589,opel,0.78,0.79,0.010000000000000009,0.010000000000000009
590,bus,0.78,0.79,0.010000000000000009,0.010000000000000009
591,opel,0.78,0.8,0.020000000000000018,0.020000000000000018
592,bus,0.78,0.79,0.010000000000000009,0.010000000000000009
593,saab,0.78,0.79,0.010000000000000009,0.010000000000000009
594,van,0.78,0.79,0.010000000000000009,0.010000000000000009
595,opel,0.78,0.79,0.010000000000000009,0.010000000000000009
596,opel,0.78,0.8,0.020000000000000018,0.020000000000000018
597,van,0.78,0.79,0.010000000000000009,0.010000000000000009
598,bus,0.78,0.79,0.010000000000000009,0.010000000000000009
599,saab,0.78,0.79,0.010000000000000009,0.010000000000000009
600,bus,0.78,0.79,0.010000000000000009,0.010000000000000009
601,van,0.78,0.79,0.010000000000000009,0.010000000000000009
602,opel,0.78,0.79,0.010000000000000009,0.010000000000000009
603,saab,0.78,0.79,0.010000000000000009,0.010000000000000009
604,opel,0.78,0.78,0.0,0.0
605,saab,0.78,0.8,0.020000000000000018,0.020000000000000018
606,van,0.78,0.8,0.020000000000000018,0.020000000000000018
607,van,0.78,0.8,0.020000000000000018,0.020000000000000018
608,opel,0.78,0.8,0.020000000000000018,0.020000000000000018
609,bus,0.78,0.79,0.010000000000000009,0.010000000000000009
610,opel,0.78,0.79,0.010000000000000009,0.010000000000000009
611,van,0.78,0.79,0.010000000000000009,0.010000000000000009
612,opel,0.78,0.78,0.0,0.0
613,bus,0.78,0.79,0.010000000000000009,0.010000000000000009
614,saab,0.78,0.79,0.010000000000000009,0.010000000000000009
615,opel,0.78,0.79,0.010000000000000009,0.010000000000000009
616,opel,0.78,0.78,0.0,0.0
617,van,0.78,0.8,0.020000000000000018,0.020000000000000018
618,van,0.78,0.79,0.010000000000000009,0.010000000000000009
619,opel,0.78,0.79,0.010000000000000009,0.010000000000000009
620,saab,0.78,0.79,0.010000000000000009,0.010000000000000009
621,van,0.78,0.79,0.010000000000000009,0.010000000000000009
622,saab,0.78,0.8,0.020000000000000018,0.020000000000000018
623,saab,0.78,0.8,0.020000000000000018,0.020000000000000018
624,saab,0.78,0.8,0.020000000000000018,0.020000000000000018
625,saab,0.78,0.8,0.020000000000000018,0.020000000000000018
626,bus,0.78,0.79,0.010000000000000009,0.010000000000000009
627,bus,0.78,0.79,0.010000000000000009,0.010000000000000009
628,bus,0.78,0.79,0.010000000000000009,0.010000000000000009
629,van,0.78,0.79,0.010000000000000009,0.010000000000000009
630,saab,0.78,0.79,0.010000000000000009,0.010000000000000009
631,opel,0.78,0.79,0.010000000000000009,0.010000000000000009
632,bus,0.78,0.79,0.010000000000000009,0.010000000000000009
633,opel,0.78,0.79,0.010000000000000009,0.010000000000000009
634,opel,0.78,0.79,0.010000000000000009,0.010000000000000009
635,van,0.78,0.79,0.010000000000000009,0.010000000000000009
636,saab,0.78,0.79,0.010000000000000009,0.010000000000000009
637,bus,0.78,0.8,0.020000000000000018,0.020000000000000018
638,bus,0.78,0.79,0.010000000000000009,0.010000000000000009
639,opel,0.78,0.79,0.010000000000000009,0.010000000000000009
640,opel,0.78,0.79,0.010000000000000009,0.010000000000000009
641,bus,0.78,0.79,0.010000000000000009,0.010000000000000009
642,saab,0.78,0.79,0.010000000000000009,0.010000000000000009
643,bus,0.78,0.79,0.010000000000000009,0.010000000000000009
644,van,0.78,0.79,0.010000000000000009,0.010000000000000009
645,opel,0.78,0.79,0.010000000000000009,0.010000000000000009
646,bus,0.78,0.79,0.010000000000000009,0.010000000000000009
647,saab,0.78,0.78,0.0,0.0
648,saab,0.78,0.78,0.0,0.0
649,saab,0.78,0.78,0.0,0.0
650,saab,0.78,0.79,0.010000000000000009,0.010000000000000009
651,saab,0.78,0.79,0.010000000000000009,0.010000000000000009
652,opel,0.78,0.8,0.020000000000000018,0.020000000000000018
653,opel,0.78,0.79,0.010000000000000009,0.010000000000000009
654,saab,0.78,0.8,0.020000000000000018,0.020000000000000018
655,van,0.78,0.8,0.020000000000000018,0.020000000000000018
656,bus,0.78,0.78,0.0,0.0
657,van,0.78,0.78,0.0,0.0
658,van,0.78,0.78,0.0,0.0
659,saab,0.78,0.78,0.0,0.0
660,van,0.78,0.78,0.0,0.0
661,saab,0.78,0.78,0.0,0.0
662,saab,0.78,0.78,0.0,0.0
663,saab,0.78,0.79,0.010000000000000009,0.010000000000000009
664,van,0.78,0.78,0.0,0.0
665,van,0.78,0.78,0.0,0.0
666,opel,0.78,0.78,0.0,0.0
667,saab,0.78,0.78,0.0,0.0
668,van,0.78,0.78,0.0,0.0
669,bus,0.78,0.78,0.0,0.0
670,opel,0.78,0.79,0.010000000000000009,0.010000000000000009
671,opel,0.78,0.79,0.010000000000000009,0.010000000000000009
672,bus,0.78,0.79,0.010000000000000009,0.010000000000000009
673,opel,0.78,0.79,0.010000000000000009,0.010000000000000009
674,saab,0.78,0.78,0.0,0.0
675,opel,0.78,0.78,0.0,0.0
676,bus,0.78,0.78,0.0,0.0
677,bus,0.78,0.78,0.0,0.0
678,bus,0.78,0.78,0.0,0.0
679,bus,0.78,0.78,0.0,0.0
680,van,0.78,0.78,0.0,0.0
681,bus,0.78,0.78,0.0,0.0
682,van,0.78,0.78,0.0,0.0
683,bus,0.78,0.78,0.0,0.0
684,bus,0.78,0.78,0.0,0.0
685,bus,0.78,0.78,0.0,0.0
686,opel,0.78,0.78,0.0,0.0
687,bus,0.78,0.78,0.0,0.0
688,saab,0.78,0.8,0.020000000000000018,0.020000000000000018
689,saab,0.78,0.78,0.0,0.0
690,saab,0.78,0.78,0.0,0.0
691,bus,0.78,0.78,0.0,0.0
692,saab,0.78,0.78,0.0,0.0
693,van,0.78,0.78,0.0,0.0
694,saab,0.78,0.78,0.0,0.0
695,van,0.78,0.79,0.010000000000000009,0.010000000000000009
696,saab,0.78,0.78,0.0,0.0
697,bus,0.78,0.79,0.010000000000000009,0.010000000000000009
698,bus,0.78,0.79,0.010000000000000009,0.010000000000000009
699,opel,0.78,0.79,0.010000000000000009,0.010000000000000009
700,opel,0.78,0.79,0.010000000000000009,0.010000000000000009
701,saab,0.78,0.79,0.010000000000000009,0.010000000000000009
702,opel,0.78,0.79,0.010000000000000009,0.010000000000000009
703,van,0.78,0.78,0.0,0.0
704,opel,0.78,0.78,0.0,0.0
705,saab,0.78,0.78,0.0,0.0
706,van,0.78,0.78,0.0,0.0
707,van,0.78,0.78,0.0,0.0
708,van,0.78,0.78,0.0,0.0
709,opel,0.78,0.78,0.0,0.0
710,bus,0.78,0.78,0.0,0.0
711,saab,0.78,0.78,0.0,0.0
712,saab,0.78,0.78,0.0,0.0
713,saab,0.78,0.78,0.0,0.0
714,bus,0.78,0.78,0.0,0.0
715,opel,0.78,0.78,0.0,0.0
716,saab,0.78,0.78,0.0,0.0
717,bus,0.78,0.78,0.0,0.0
718,opel,0.78,0.78,0.0,0.0
719,saab,0.78,0.78,0.0,0.0
720,opel,0.78,0.78,0.0,0.0
721,saab,0.78,0.78,0.0,0.0
722,van,0.78,0.78,0.0,0.0
723,opel,0.78,0.78,0.0,0.0
724,van,0.78,0.78,0.0,0.0
725,van,0.78,0.78,0.0,0.0
726,saab,0.78,0.78,0.0,0.0
727,bus,0.78,0.78,0.0,0.0
728,opel,0.78,0.78,0.0,0.0
729,opel,0.78,0.78,0.0,0.0
730,opel,0.78,0.78,0.0,0.0
731,bus,0.78,0.78,0.0,0.0
732,van,0.78,0.78,0.0,0.0
733,bus,0.78,0.78,0.0,0.0
734,van,0.78,0.78,0.0,0.0
735,opel,0.78,0.78,0.0,0.0
736,saab,0.78,0.78,0.0,0.0
737,bus,0.78,0.78,0.0,0.0
738,bus,0.78,0.78,0.0,0.0
739,van,0.78,0.78,0.0,0.0
740,saab,0.78,0.78,0.0,0.0
741,bus,0.78,0.78,0.0,0.0
742,opel,0.78,0.78,0.0,0.0
743,saab,0.78,0.78,0.0,0.0
744,van,0.78,0.78,0.0,0.0
745,bus,0.78,0.77,-0.010000000000000009,0.010000000000000009
746,van,0.78,0.77,-0.010000000000000009,0.010000000000000009
747,bus,0.78,0.78,0.0,0.0
748,van,0.78,0.77,-0.010000000000000009,0.010000000000000009
749,saab,0.78,0.77,-0.010000000000000009,0.010000000000000009
750,saab,0.78,0.77,-0.010000000000000009,0.010000000000000009
751,van,0.78,0.77,-0.010000000000000009,0.010000000000000009
752,bus,0.78,0.77,-0.010000000000000009,0.010000000000000009
753,saab,0.78,0.77,-0.010000000000000009,0.010000000000000009
754,van,0.78,0.77,-0.010000000000000009,0.010000000000000009
755,van,0.78,0.77,-0.010000000000000009,0.010000000000000009
756,saab,0.78,0.77,-0.010000000000000009,0.010000000000000009
757,saab,0.78,0.77,-0.010000000000000009,0.010000000000000009
758,bus,0.78,0.76,-0.020000000000000018,0.020000000000000018
759,van,0.78,0.76,-0.020000000000000018,0.020000000000000018
760,opel,0.78,0.78,0.0,0.0
761,saab,0.78,0.76,-0.020000000000000018,0.020000000000000018
762,van,0.78,0.76,-0.020000000000000018,0.020000000000000018
763,opel,0.78,0.77,-0.010000000000000009,0.010000000000000009
764,saab,0.78,0.77,-0.010000000000000009,0.010000000000000009
765,bus,0.78,0.76,-0.020000000000000018,0.020000000000000018
766,saab,0.78,0.76,-0.020000000000000018,0.020000000000000018
767,bus,0.78,0.76,-0.020000000000000018,0.020000000000000018
768,opel,0.78,0.77,-0.010000000000000009,0.010000000000000009
769,saab,0.78,0.77,-0.010000000000000009,0.010000000000000009
770,bus,0.78,0.77,-0.010000000000000009,0.010000000000000009
771,opel,0.78,0.77,-0.010000000000000009,0.010000000000000009
772,opel,0.78,0.78,0.0,0.0
773,bus,0.78,0.77,-0.010000000000000009,0.010000000000000009
774,van,0.78,0.77,-0.010000000000000009,0.010000000000000009
775,bus,0.78,0.77,-0.010000000000000009,0.010000000000000009
776,saab,0.78,0.77,-0.010000000000000009,0.010000000000000009
777,bus,0.78,0.77,-0.010000000000000009,0.010000000000000009
778,saab,0.78,0.77,-0.010000000000000009,0.010000000000000009
779,van,0.78,0.77,-0.010000000000000009,0.010000000000000009
780,saab,0.78,0.77,-0.010000000000000009,0.010000000000000009
781,van,0.78,0.77,-0.010000000000000009,0.010000000000000009
782,opel,0.78,0.77,-0.010000000000000009,0.010000000000000009
783,saab,0.78,0.77,-0.010000000000000009,0.010000000000000009
784,van,0.78,0.78,0.0,0.0
785,bus,0.78,0.78,0.0,0.0
786,saab,0.78,0.78,0.0,0.0
787,van,0.78,0.77,-0.010000000000000009,0.010000000000000009
788,saab,0.78,0.77,-0.010000000000000009,0.010000000000000009
789,saab,0.78,0.77,-0.010000000000000009,0.010000000000000009
790,bus,0.78,0.77,-0.010000000000000009,0.010000000000000009
791,van,0.78,0.77,-0.010000000000000009,0.010000000000000009
792,opel,0.78,0.77,-0.010000000000000009,0.010000000000000009
793,bus,0.78,0.77,-0.010000000000000009,0.010000000000000009
794,bus,0.78,0.77,-0.010000000000000009,0.010000000000000009
795,van,0.78,0.77,-0.010000000000000009,0.010000000000000009
796,opel,0.78,0.78,0.0,0.0
797,saab,0.78,0.77,-0.010000000000000009,0.010000000000000009
798,opel,0.78,0.77,-0.010000000000000009,0.010000000000000009
799,bus,0.78,0.77,-0.010000000000000009,0.010000000000000009
800,van,0.78,0.77,-0.010000000000000009,0.010000000000000009
801,opel,0.78,0.77,-0.010000000000000009,0.010000000000000009
802,opel,0.78,0.77,-0.010000000000000009,0.010000000000000009
803,bus,0.78,0.77,-0.010000000000000009,0.010000000000000009
804,opel,0.78,0.77,-0.010000000000000009,0.010000000000000009
805,bus,0.78,0.78,0.0,0.0
806,saab,0.78,0.77,-0.010000000000000009,0.010000000000000009
807,saab,0.78,0.77,-0.010000000000000009,0.010000000000000009
808,bus,0.78,0.77,-0.010000000000000009,0.010000000000000009
809,saab,0.78,0.77,-0.010000000000000009,0.010000000000000009
810,opel,0.78,0.77,-0.010000000000000009,0.010000000000000009
811,opel,0.78,0.77,-0.010000000000000009,0.010000000000000009
812,bus,0.78,0.77,-0.010000000000000009,0.010000000000000009
813,van,0.78,0.77,-0.010000000000000009,0.010000000000000009
814,bus,0.78,0.77,-0.010000000000000009,0.010000000000000009
815,bus,0.78,0.77,-0.010000000000000009,0.010000000000000009
816,van,0.78,0.77,-0.010000000000000009,0.010000000000000009
817,saab,0.78,0.77,-0.010000000000000009,0.010000000000000009
818,opel,0.78,0.77,-0.010000000000000009,0.010000000000000009
819,saab,0.78,0.77,-0.010000000000000009,0.010000000000000009
820,saab,0.78,0.78,0.0,0.0
821,opel,0.78,0.77,-0.010000000000000009,0.010000000000000009
822,van,0.78,0.77,-0.010000000000000009,0.010000000000000009
823,opel,0.78,0.77,-0.010000000000000009,0.010000000000000009
824,opel,0.78,0.78,0.0,0.0
825,opel,0.78,0.77,-0.010000000000000009,0.010000000000000009
826,opel,0.78,0.77,-0.010000000000000009,0.010000000000000009
827,opel,0.78,0.78,0.0,0.0
828,van,0.78,0.78,0.0,0.0
829,van,0.78,0.78,0.0,0.0
830,bus,0.78,0.78,0.0,0.0
831,bus,0.78,0.78,0.0,0.0
832,saab,0.78,0.78,0.0,0.0
833,saab,0.78,0.78,0.0,0.0
834,saab,0.78,0.78,0.0,0.0
835,bus,0.78,0.78,0.0,0.0
836,van,0.78,0.78,0.0,0.0
837,saab,0.78,0.78,0.0,0.0
838,van,0.78,0.78,0.0,0.0
839,van,0.78,0.78,0.0,0.0
840,opel,0.78,0.78,0.0,0.0
841,saab,0.78,0.78,0.0,0.0
842,van,0.78,0.78,0.0,0.0
843,saab,0.78,0.78,0.0,0.0
844,saab,0.78,0.78,0.0,0.0
